Step,Scaffold,SMILES,Metadata,Glide LigPrep Docking,raw_Glide LigPrep Docking,total_score,ID
269.0,Cc1nccc2c1[nH]c1ncccc12,Cc1nccc2c1[nH]c1ncccc12,,0.5807362794876099,-8.339579582214355,0.5807362794876099,Exploitative Behaviour with Low Threshold_0
244.0,CC(=O)N1C(=O)C=Cc2ccccc21,CC(=O)N1C(=O)C=Cc2ccccc21,,0.4570906460285187,-7.82066011428833,0.4570906460285187,Exploitative Behaviour with Low Threshold_1
240.0,Cn1nc2ccccn2c1=O,Cn1nc2ccccn2c1=O,,0.4517626166343689,-7.79826021194458,0.4517626166343689,Exploitative Behaviour with Low Threshold_2
216.0,Cc1cc2scnc2cc1Cl,Cc1cc2scnc2cc1Cl,,0.43385013937950134,-7.7225799560546875,0.43385013937950134,Exploitative Behaviour with Low Threshold_3
239.0,c1cnc2ccncc2c1,c1cnc2ccncc2c1,,0.41253286600112915,-7.631539821624756,0.41253286600112915,Exploitative Behaviour with Low Threshold_4
